<?xml version="1.0" encoding="UTF-8" standalone="yes"?>
<siardArchive xmlns="http://www.bar.admin.ch/xmlns/siard/2/metadata.xsd" xmlns:xsi="http://www.w3.org/2001/XMLSchema-instance" version="2.1" xsi:schemaLocation="http://www.bar.admin.ch/xmlns/siard/2/metadata.xsd metadata.xsd">
    <dbname>countries</dbname>
    <description>Countries database</description>
    <archiver>unspecified</archiver>
    <archiverContact>unspecified</archiverContact>
    <dataOwner>unspecified</dataOwner>
    <dataOriginTimespan>unspecified</dataOriginTimespan>
    <lobFolder>content</lobFolder>
    <producerApplication>DBPTK Developer (version 2.9.10)</producerApplication>
    <archivalDate>2022-01-20+00:00</archivalDate>
    <clientMachine>Eddys-MBP-2</clientMachine>
    <databaseProduct>MySQL 5.7.15</databaseProduct>
    <schemas>
        <schema>
            <name>countries</name>
            <folder>schema1</folder>
            <tables>
                <table>
                    <name>cities</name>
                    <folder>table1</folder>
                    <columns>
                        <column>
                            <name>id</name>
                            <type>INTEGER</type>
                            <typeOriginal>INT</typeOriginal>
                            <nullable>false</nullable>
                        </column>
                        <column>
                            <name>name</name>
                            <type>CHARACTER VARYING(50)</type>
                            <typeOriginal>VARCHAR</typeOriginal>
                            <nullable>false</nullable>
                        </column>
                        <column>
                            <name>country</name>
                            <type>INTEGER</type>
                            <typeOriginal>INT</typeOriginal>
                            <nullable>false</nullable>
                        </column>
                    </columns>
                    <primaryKey>
                        <name>PRIMARY</name>
                        <column>id</column>
                    </primaryKey>
                    <foreignKeys>
                        <foreignKey>
                            <name>cities_ibfk_1</name>
                            <referencedSchema>countries</referencedSchema>
                            <referencedTable>countries</referencedTable>
                            <reference>
<column>country</column>
<referenced>id</referenced>
                            </reference>
                            <deleteAction>NO ACTION</deleteAction>
                            <updateAction>NO ACTION</updateAction>
                        </foreignKey>
                    </foreignKeys>
                    <candidateKeys>
                        <candidateKey>
                            <name>PRIMARY</name>
                            <column>id</column>
                        </candidateKey>
                    </candidateKeys>
                    <rows>9</rows>
                </table>
                <table>
                    <name>countries</name>
                    <folder>table2</folder>
                    <columns>
                        <column>
                            <name>id</name>
                            <type>INTEGER</type>
                            <typeOriginal>INT</typeOriginal>
                            <nullable>false</nullable>
                        </column>
                        <column>
                            <name>name</name>
                            <type>CHARACTER VARYING(50)</type>
                            <typeOriginal>VARCHAR</typeOriginal>
                            <nullable>false</nullable>
                        </column>
                    </columns>
                    <primaryKey>
                        <name>PRIMARY</name>
                        <column>id</column>
                    </primaryKey>
                    <candidateKeys>
                        <candidateKey>
                            <name>PRIMARY</name>
                            <column>id</column>
                        </candidateKey>
                    </candidateKeys>
                    <rows>3</rows>
                </table>
            </tables>
        </schema>
    </schemas>
    <users>
        <user>
            <name>root@localhost</name>
        </user>
        <user>
            <name>mysql.sys@localhost</name>
        </user>
        <user>
            <name>springuser@%</name>
        </user>
    </users>
</siardArchive>
