<?xml version="1.0" encoding="UTF-8"?><table xsi:schemaLocation="http://www.admin.ch/xmlns/siard/2/schema1/table1.xsd table1.xsd" xmlns="http://www.admin.ch/xmlns/siard/2/schema1/table1.xsd" xmlns:xsi="http://www.w3.org/2001/XMLSchema-instance"><row><c1>1</c1><c2>Nice</c2><c3>1</c3></row><row><c1>2</c1><c2>Paris</c2><c3>1</c3></row><row><c1>3</c1><c2>Lyon</c2><c3>1</c3></row><row><c1>4</c1><c2>Marseille</c2><c3>1</c3></row><row><c1>5</c1><c2>Roma</c2><c3>2</c3></row><row><c1>6</c1><c2>Milano</c2><c3>2</c3></row><row><c1>7</c1><c2>Turino</c2><c3>2</c3></row><row><c1>8</c1><c2>Madrid</c2><c3>3</c3></row><row><c1>9</c1><c2>Barcelona</c2><c3>3</c3></row></table>